cau1,cau2,cau3,cau4,cau5,cau6,cau7,cau8,cau9,cau10,cau11,cau12,cau13,cau14,cau15,cau16,cau17
4,4,4,4,4,4,4,4,4,4,4,4,4,4,3,3,3
4,4,4,4,4,4,4,4,4,4,4,4,4,3,3,3,4
4,4,4,4,4,4,4,4,4,4,4,4,3,3,3,4,4
4,4,4,4,4,4,4,4,4,4,4,3,3,3,4,4,4
4,4,4,4,4,4,4,4,4,4,3,3,3,4,4,4,4
4,4,4,4,4,4,4,4,4,4,4,4,4,3,3,3,3
4,4,4,4,4,4,4,4,4,4,4,4,3,3,3,3,4
4,4,4,4,4,4,4,4,4,4,4,3,3,3,3,4,4
4,4,4,4,4,4,4,4,4,4,3,3,3,3,4,4,4
4,4,4,4,4,4,4,4,4,3,3,3,3,4,4,4,4
4,4,4,4,4,4,4,4,4,4,4,4,3,3,3,3,3
4,4,4,4,4,4,4,4,4,4,4,3,3,3,3,3,4
4,4,4,4,4,4,4,4,4,4,3,3,3,3,3,4,4
4,4,4,4,4,4,4,4,4,3,3,3,3,3,4,4,4
4,4,4,4,4,4,4,4,3,3,3,3,3,4,4,4,4
4,4,4,4,4,4,4,4,4,4,4,3,3,3,3,3,3
4,4,4,4,4,4,4,4,4,4,3,3,3,3,3,3,4
4,4,4,4,4,4,4,4,4,3,3,3,3,3,3,4,4
4,4,4,4,4,4,4,4,3,3,3,3,3,3,4,4,4
4,4,4,4,4,4,4,3,3,3,3,3,3,4,4,4,4
4,4,4,4,4,4,4,4,4,4,4,4,4,4,4,4,4
4,4,4,4,4,4,4,4,4,4,4,4,4,4,4,4,3
4,4,4,4,4,4,4,4,4,4,4,4,4,4,4,3,4
4,4,4,4,4,4,4,4,4,4,4,4,4,4,3,4,4
4,4,4,4,4,4,4,4,4,4,4,4,4,3,4,4,4
4,4,4,4,4,4,4,4,4,4,4,4,3,4,4,4,4
4,4,4,4,4,4,4,4,4,4,4,3,4,4,4,4,4
4,4,4,4,4,4,4,4,4,4,3,4,4,4,4,4,4
4,4,4,4,4,4,4,4,4,3,4,4,4,4,4,4,4
4,4,4,4,4,4,4,4,3,4,4,4,4,4,4,4,4
