submitted_at,row_index,name,degree,department,list_id,list_title,score_total,score_max,score_percent,scores,mode
2026-03-15 22:14:25,1,Trần Quốc Thái,ĐẠI HỌC,NGOẠI TH,ngoai_th,Danh sách NGOẠI TH,65,68,95.59,4-4-4-4-4-4-4-4-4-4-4-4-4-4-3-3-3,legacy_ui
2026-03-15 22:14:54,2,Trần Quốc Thái,ĐẠI HỌC,NGOẠI TH,ngoai_th,Danh sách NGOẠI TH,65,68,95.59,4-4-4-4-4-4-4-4-4-4-4-4-4-3-3-3-4,legacy_ui
2026-03-15 22:16:38,3,Trần Quốc Thái,ĐẠI HỌC,NGOẠI TH,ngoai_th,Danh sách NGOẠI TH,65,68,95.59,4-4-4-4-4-4-4-4-4-4-4-4-3-3-3-4-4,legacy_ui
2026-03-15 22:17:28,4,Trần Quốc Thái,ĐẠI HỌC,NGOẠI TH,ngoai_th,Danh sách NGOẠI TH,65,68,95.59,4-4-4-4-4-4-4-4-4-4-4-3-3-3-4-4-4,legacy_ui
2026-03-15 22:18:30,5,Trần Quốc Thái,ĐẠI HỌC,NGOẠI TH,ngoai_th,Danh sách NGOẠI TH,65,68,95.59,4-4-4-4-4-4-4-4-4-4-3-3-3-4-4-4-4,legacy_ui
2026-03-15 22:21:31,6,Trần Quốc Thái,ĐẠI HỌC,NGOẠI TH,ngoai_th,Danh sách NGOẠI TH,64,68,94.12,4-4-4-4-4-4-4-4-4-4-4-4-4-3-3-3-3,legacy_ui
2026-03-26 16:16:49,1,Nguyễn Thị Hằng,CAO ĐẲNG,TIẾT NIỆU,nieu,Danh sách KHOA NIỆU,65,68,95.59,4-4-4-4-4-4-4-4-4-4-4-4-4-4-3-3-3,legacy_ui
2026-03-26 16:20:05,2,Ngô Thúy Muội,CAO ĐẲNG,TIẾT NIỆU,nieu,Danh sách KHOA NIỆU,65,68,95.59,4-4-4-4-4-4-4-4-4-4-4-4-4-3-3-3-4,legacy_ui
2026-03-26 16:20:56,3,Phạm Thị Như Ý,ĐẠI HỌC,TIẾT NIỆU,nieu,Danh sách KHOA NIỆU,65,68,95.59,4-4-4-4-4-4-4-4-4-4-4-4-3-3-3-4-4,legacy_ui
2026-03-26 16:30:58,4,Nguyễn Thị Thanh Ngân,ĐẠI HỌC,TIẾT NIỆU,nieu,Danh sách KHOA NIỆU,65,68,95.59,4-4-4-4-4-4-4-4-4-4-4-3-3-3-4-4-4,legacy_ui
2026-03-26 16:36:00,5,Phan Tiến Lộc,ĐẠI HỌC,TIẾT NIỆU,nieu,Danh sách KHOA NIỆU,65,68,95.59,4-4-4-4-4-4-4-4-4-4-3-3-3-4-4-4-4,legacy_ui
2026-03-26 16:36:31,6,Huỳnh Tấn Tài,CAO ĐẲNG,TIẾT NIỆU,nieu,Danh sách KHOA NIỆU,64,68,94.12,4-4-4-4-4-4-4-4-4-4-4-4-4-3-3-3-3,legacy_ui
2026-03-26 16:43:49,7,Phan Tiến Lộc,ĐẠI HỌC,TIẾT NIỆU,nieu,Danh sách KHOA NIỆU,64,68,94.12,4-4-4-4-4-4-4-4-4-4-4-4-3-3-3-3-4,legacy_ui
2026-03-26 16:44:18,8,Phạm Thị Như Ý,ĐẠI HỌC,TIẾT NIỆU,nieu,Danh sách KHOA NIỆU,64,68,94.12,4-4-4-4-4-4-4-4-4-4-4-3-3-3-3-4-4,legacy_ui
2026-03-26 16:44:47,9,Nguyễn Thị Thanh Ngân,ĐẠI HỌC,TIẾT NIỆU,nieu,Danh sách KHOA NIỆU,64,68,94.12,4-4-4-4-4-4-4-4-4-4-3-3-3-3-4-4-4,legacy_ui
2026-03-26 16:45:23,10,Huỳnh Tấn Tài,CAO ĐẲNG,TIẾT NIỆU,nieu,Danh sách KHOA NIỆU,64,68,94.12,4-4-4-4-4-4-4-4-4-3-3-3-3-4-4-4-4,legacy_ui
2026-03-26 18:26:49,11,Ngô Thúy Muội,CAO ĐẲNG,TIẾT NIỆU,nieu,Danh sách KHOA NIỆU,63,68,92.65,4-4-4-4-4-4-4-4-4-4-4-4-3-3-3-3-3,legacy_ui
2026-03-26 18:28:18,12,Nguyễn Thị Hằng,CAO ĐẲNG,TIẾT NIỆU,nieu,Danh sách KHOA NIỆU,63,68,92.65,4-4-4-4-4-4-4-4-4-4-4-3-3-3-3-3-4,legacy_ui
2026-03-26 18:34:54,13,Nguyễn Thị Thanh Ngân,ĐẠI HỌC,TIẾT NIỆU,nieu,Danh sách KHOA NIỆU,63,68,92.65,4-4-4-4-4-4-4-4-4-4-3-3-3-3-3-4-4,legacy_ui
2026-03-26 18:36:03,14,Ngô Thúy Muội,CAO ĐẲNG,TIẾT NIỆU,nieu,Danh sách KHOA NIỆU,63,68,92.65,4-4-4-4-4-4-4-4-4-3-3-3-3-3-4-4-4,legacy_ui
2026-03-26 18:36:44,15,Phạm Thị Như Ý,ĐẠI HỌC,TIẾT NIỆU,nieu,Danh sách KHOA NIỆU,63,68,92.65,4-4-4-4-4-4-4-4-3-3-3-3-3-4-4-4-4,legacy_ui
2026-03-26 18:38:23,16,Nguyễn Thị Hằng,CAO ĐẲNG,TIẾT NIỆU,nieu,Danh sách KHOA NIỆU,62,68,91.18,4-4-4-4-4-4-4-4-4-4-4-3-3-3-3-3-3,legacy_ui
2026-03-26 18:42:39,17,Phan Tiến Lộc,ĐẠI HỌC,TIẾT NIỆU,nieu,Danh sách KHOA NIỆU,62,68,91.18,4-4-4-4-4-4-4-4-4-4-3-3-3-3-3-3-4,legacy_ui
2026-03-26 18:50:40,18,Huỳnh Tấn Tài,CAO ĐẲNG,TIẾT NIỆU,nieu,Danh sách KHOA NIỆU,62,68,91.18,4-4-4-4-4-4-4-4-4-3-3-3-3-3-3-4-4,legacy_ui
2026-03-26 18:53:36,19,Phạm Thị Như Ý,ĐẠI HỌC,TIẾT NIỆU,nieu,Danh sách KHOA NIỆU,62,68,91.18,4-4-4-4-4-4-4-4-3-3-3-3-3-3-4-4-4,legacy_ui
2026-03-26 18:59:34,20,Ngô Thúy Muội,CAO ĐẲNG,TIẾT NIỆU,nieu,Danh sách KHOA NIỆU,62,68,91.18,4-4-4-4-4-4-4-3-3-3-3-3-3-4-4-4-4,legacy_ui
2026-03-26 19:07:08,21,Nguyễn Thị Thanh Ngân,ĐẠI HỌC,TIẾT NIỆU,nieu,Danh sách KHOA NIỆU,68,68,100.00,4-4-4-4-4-4-4-4-4-4-4-4-4-4-4-4-4,legacy_ui
2026-03-26 19:16:46,22,Nguyễn Thị Hằng,CAO ĐẲNG,TIẾT NIỆU,nieu,Danh sách KHOA NIỆU,67,68,98.53,4-4-4-4-4-4-4-4-4-4-4-4-4-4-4-4-3,legacy_ui
2026-03-26 19:26:17,23,Huỳnh Tấn Tài,CAO ĐẲNG,TIẾT NIỆU,nieu,Danh sách KHOA NIỆU,67,68,98.53,4-4-4-4-4-4-4-4-4-4-4-4-4-4-4-3-4,legacy_ui
2026-03-26 19:27:20,24,Phan Tiến Lộc,ĐẠI HỌC,TIẾT NIỆU,nieu,Danh sách KHOA NIỆU,67,68,98.53,4-4-4-4-4-4-4-4-4-4-4-4-4-4-3-4-4,legacy_ui
2026-03-26 20:05:05,1,Ngô Thúy Muội,CAO ĐẲNG,TIẾT NIỆU,nieu,Danh sách KHOA NIỆU,65,68,95.59,4-4-4-4-4-4-4-4-4-4-4-4-4-4-3-3-3,legacy_ui
2026-03-26 20:10:04,2,Nguyễn Thị Hằng,CAO ĐẲNG,TIẾT NIỆU,nieu,Danh sách KHOA NIỆU,65,68,95.59,4-4-4-4-4-4-4-4-4-4-4-4-4-3-3-3-4,legacy_ui
2026-03-26 20:16:41,3,Huỳnh Tấn Tài,CAO ĐẲNG,TIẾT NIỆU,nieu,Danh sách KHOA NIỆU,65,68,95.59,4-4-4-4-4-4-4-4-4-4-4-4-3-3-3-4-4,legacy_ui
2026-03-26 20:18:27,4,Phạm Thị Như Ý,ĐẠI HỌC,TIẾT NIỆU,nieu,Danh sách KHOA NIỆU,65,68,95.59,4-4-4-4-4-4-4-4-4-4-4-3-3-3-4-4-4,legacy_ui
2026-03-26 20:26:20,5,Nguyễn Thị Thanh Ngân,ĐẠI HỌC,TIẾT NIỆU,nieu,Danh sách KHOA NIỆU,65,68,95.59,4-4-4-4-4-4-4-4-4-4-3-3-3-4-4-4-4,legacy_ui
2026-03-26 20:42:50,6,Phan Tiến Lộc,ĐẠI HỌC,TIẾT NIỆU,nieu,Danh sách KHOA NIỆU,64,68,94.12,4-4-4-4-4-4-4-4-4-4-4-4-4-3-3-3-3,legacy_ui
2026-03-26 20:49:36,7,Ngô Thúy Muội,CAO ĐẲNG,TIẾT NIỆU,nieu,Danh sách KHOA NIỆU,64,68,94.12,4-4-4-4-4-4-4-4-4-4-4-4-3-3-3-3-4,legacy_ui
